SEASON,TEAM_ID,TEAM_NAME,GP,W,L,W_PCT,PTS,FG_PCT,FG3_PCT,FT_PCT,REB,AST,TOV,TEAM_ABBREVIATION,TOTAL_SALARY,AVG_AGE,PLAYER_COUNT,PAYROLL_MILLION
2019-20,1610612749,Milwaukee Bucks,73,56,17,0.767,8663,0.476,0.355,0.742,3774,1889,1102.0,MIL,120508857,29.2,15,120.508857
2019-20,1610612761,Toronto Raptors,72,53,19,0.736,8118,0.458,0.374,0.796,3268,1816,1067.0,TOR,123954360,26.066666666666666,15,123.95436
2019-20,1610612747,Los Angeles Lakers,71,52,19,0.732,8054,0.48,0.349,0.729,3247,1803,1077.0,LAL,112574480,28.866666666666667,15,112.57448
2019-20,1610612746,LA Clippers,72,49,23,0.681,8377,0.466,0.371,0.791,3431,1708,1051.0,LAC,112809960,27.076923076923077,13,112.80996
2019-20,1610612738,Boston Celtics,72,48,24,0.667,8183,0.461,0.364,0.801,3317,1655,995.0,BOS,110895676,24.846153846153847,13,110.895676
2019-20,1610612743,Denver Nuggets,73,46,27,0.63,8124,0.473,0.359,0.777,3222,1952,1005.0,DEN,126563179,25.846153846153847,13,126.563179
2019-20,1610612754,Indiana Pacers,73,45,28,0.616,7989,0.476,0.363,0.787,3125,1888,967.0,IND,112436544,25.066666666666666,15,112.436544
2019-20,1610612745,Houston Rockets,72,44,28,0.611,8482,0.451,0.345,0.791,3188,1557,1057.0,HOU,146985821,29.333333333333332,18,146.985821
2019-20,1610612760,Oklahoma City Thunder,72,44,28,0.611,7950,0.468,0.355,0.796,3088,1562,986.0,OKC,133296631,24.6875,16,133.296631
2019-20,1610612762,Utah Jazz,72,44,28,0.611,8013,0.471,0.38,0.779,3233,1615,1089.0,UTA,118016051,26.0,16,118.016051
2019-20,1610612748,Miami Heat,73,44,29,0.603,8179,0.468,0.379,0.783,3239,1892,1088.0,MIA,141232933,26.8125,16,141.232933
2019-20,1610612755,Philadelphia 76ers,73,43,30,0.589,8084,0.468,0.368,0.755,3317,1884,1037.0,PHI,126793802,25.866666666666667,15,126.793802
2019-20,1610612742,Dallas Mavericks,75,43,32,0.573,8776,0.461,0.367,0.779,3520,1849,953.0,DAL,120955389,26.8125,16,120.955389
2019-20,1610612751,Brooklyn Nets,72,35,37,0.486,8048,0.448,0.343,0.745,3449,1761,1099.0,BKN,90103989,26.529411764705884,17,90.103989
2019-20,1610612757,Portland Trail Blazers,74,35,39,0.473,8508,0.463,0.377,0.804,3353,1525,946.0,POR,122126482,24.785714285714285,14,122.126482
2019-20,1610612763,Memphis Grizzlies,73,34,39,0.466,8222,0.468,0.347,0.763,3397,1965,1113.0,MEM,85649754,24.5,14,85.649754
2019-20,1610612756,Phoenix Suns,73,34,39,0.466,8294,0.468,0.358,0.834,3177,1987,1077.0,PHX,101609569,24.125,16,101.609569
2019-20,1610612753,Orlando Magic,73,33,40,0.452,7831,0.444,0.343,0.774,3249,1747,937.0,ORL,119779543,26.571428571428573,14,119.779543
2019-20,1610612759,San Antonio Spurs,71,32,39,0.451,8098,0.472,0.376,0.81,3170,1751,895.0,SAS,111907379,26.4,15,111.907379
2019-20,1610612758,Sacramento Kings,72,31,41,0.431,7927,0.462,0.364,0.77,3067,1713,1043.0,SAC,89548448,27.0,12,89.548448
2019-20,1610612740,New Orleans Pelicans,72,30,42,0.417,8341,0.465,0.37,0.729,3348,1932,1181.0,NOP,87891426,24.25,12,87.891426
2019-20,1610612766,Charlotte Hornets,65,23,42,0.354,6687,0.434,0.352,0.748,2781,1549,949.0,CHA,90779181,24.636363636363637,11,90.779181
2019-20,1610612764,Washington Wizards,72,25,47,0.347,8238,0.457,0.368,0.788,3027,1801,1020.0,WAS,93512353,25.235294117647058,17,93.512353
2019-20,1610612741,Chicago Bulls,65,22,43,0.338,6945,0.447,0.348,0.755,2721,1510,1005.0,CHI,113341075,24.375,16,113.341075
2019-20,1610612752,New York Knicks,66,21,45,0.318,6983,0.447,0.337,0.694,3069,1456,946.0,NYK,89998216,25.23076923076923,13,89.998216
2019-20,1610612765,Detroit Pistons,66,20,46,0.303,7078,0.459,0.367,0.743,2753,1589,1008.0,DET,104296278,26.071428571428573,14,104.296278
2019-20,1610612737,Atlanta Hawks,67,20,47,0.299,7488,0.449,0.333,0.79,2898,1605,1086.0,ATL,110638249,26.0625,16,110.638249
2019-20,1610612750,Minnesota Timberwolves,64,19,45,0.297,7248,0.441,0.336,0.753,2868,1525,981.0,MIN,110135314,23.153846153846153,13,110.135314
2019-20,1610612739,Cleveland Cavaliers,65,19,46,0.292,6948,0.458,0.351,0.758,2876,1500,1073.0,CLE,125655535,24.916666666666668,12,125.655535
2019-20,1610612744,Golden State Warriors,65,15,50,0.231,6912,0.438,0.334,0.803,2785,1663,969.0,GSW,100274952,23.846153846153847,13,100.274952
2020-21,1610612762,Utah Jazz,72,52,20,0.722,8382,0.468,0.389,0.799,3474,1703,1023.0,UTA,165843397,26.705882352941178,17,165.843397
2020-21,1610612756,Phoenix Suns,72,51,21,0.708,8300,0.49,0.378,0.834,3092,1939,902.0,PHX,143872315,26.666666666666668,15,143.872315
2020-21,1610612755,Philadelphia 76ers,72,49,23,0.681,8182,0.476,0.374,0.767,3244,1706,1040.0,PHI,189365093,26.38095238095238,21,189.365093
2020-21,1610612751,Brooklyn Nets,72,48,24,0.667,8537,0.494,0.392,0.804,3199,1929,975.0,BKN,263607349,28.263157894736842,19,263.607349
2020-21,1610612743,Denver Nuggets,72,47,25,0.653,8284,0.485,0.377,0.803,3200,1933,972.0,DEN,156651266,26.235294117647058,17,156.651266
2020-21,1610612746,LA Clippers,72,47,25,0.653,8209,0.482,0.411,0.839,3179,1756,949.0,LAC,185039694,27.5,18,185.039694
2020-21,1610612749,Milwaukee Bucks,72,46,26,0.639,8649,0.487,0.389,0.76,3465,1834,995.0,MIL,157463265,26.38888888888889,18,157.463265
2020-21,1610612742,Dallas Mavericks,72,42,30,0.583,8096,0.47,0.362,0.778,3120,1647,869.0,DAL,113465492,25.466666666666665,15,113.465492
2020-21,1610612747,Los Angeles Lakers,72,42,30,0.583,7887,0.472,0.354,0.739,3185,1775,1095.0,LAL,178554466,28.3125,16,178.554466
2020-21,1610612757,Portland Trail Blazers,72,42,30,0.583,8360,0.453,0.385,0.823,3207,1531,799.0,POR,127728507,25.09090909090909,11,127.728507
2020-21,1610612737,Atlanta Hawks,72,41,31,0.569,8186,0.468,0.373,0.812,3285,1737,953.0,ATL,134128360,24.625,16,134.12836
2020-21,1610612752,New York Knicks,72,41,31,0.569,7706,0.456,0.392,0.784,3250,1541,932.0,NYK,98402774,25.375,16,98.402774
2020-21,1610612748,Miami Heat,72,40,32,0.556,7781,0.468,0.358,0.79,2988,1895,1013.0,MIA,156741718,27.875,16,156.741718
2020-21,1610612744,Golden State Warriors,72,39,33,0.542,8187,0.468,0.376,0.785,3098,1991,1080.0,GSW,150028676,25.1875,16,150.028676
2020-21,1610612763,Memphis Grizzlies,72,38,34,0.528,8157,0.467,0.356,0.771,3346,1938,957.0,MEM,108513653,24.2,15,108.513653
2020-21,1610612738,Boston Celtics,72,36,36,0.5,8109,0.466,0.374,0.775,3186,1689,1012.0,BOS,165909854,24.41176470588235,17,165.909854
2020-21,1610612754,Indiana Pacers,72,34,38,0.472,8302,0.474,0.364,0.792,3072,1973,975.0,IND,137458275,24.88235294117647,17,137.458275
2020-21,1610612764,Washington Wizards,72,34,38,0.472,8398,0.475,0.351,0.769,3254,1835,1036.0,WAS,149975637,25.5,16,149.975637
2020-21,1610612766,Charlotte Hornets,72,33,39,0.458,7881,0.455,0.369,0.761,3151,1933,1069.0,CHA,102733137,25.23076923076923,13,102.733137
2020-21,1610612759,San Antonio Spurs,72,33,39,0.458,7998,0.462,0.35,0.792,3158,1759,821.0,SAS,126201223,25.071428571428573,14,126.201223
2020-21,1610612741,Chicago Bulls,72,31,41,0.431,7969,0.476,0.37,0.791,3237,1927,1089.0,CHI,152937822,26.3125,16,152.937822
2020-21,1610612740,New Orleans Pelicans,72,31,41,0.431,8251,0.477,0.348,0.729,3413,1872,1052.0,NOP,155244885,25.0,16,155.244885
2020-21,1610612758,Sacramento Kings,72,31,41,0.431,8189,0.481,0.364,0.745,2981,1836,963.0,SAC,103721775,24.625,16,103.721775
2020-21,1610612761,Toronto Raptors,72,27,45,0.375,8011,0.448,0.368,0.815,2994,1735,952.0,TOR,148421628,26.4,15,148.421628
2020-21,1610612750,Minnesota Timberwolves,72,23,49,0.319,8073,0.448,0.349,0.761,3133,1846,1027.0,MIN,150089882,23.333333333333332,15,150.089882
2020-21,1610612739,Cleveland Cavaliers,72,22,50,0.306,7476,0.45,0.336,0.743,3078,1716,1114.0,CLE,126299308,24.904761904761905,21,126.299308
2020-21,1610612760,Oklahoma City Thunder,72,22,50,0.306,7560,0.441,0.339,0.725,3283,1588,1162.0,OKC,79295552,23.41176470588235,17,79.295552
2020-21,1610612753,Orlando Magic,72,21,51,0.292,7488,0.429,0.343,0.775,3272,1571,924.0,ORL,84328240,23.933333333333334,15,84.32824
2020-21,1610612765,Detroit Pistons,72,20,52,0.278,7676,0.452,0.351,0.759,3075,1743,1075.0,DET,90299799,23.875,16,90.299799
2020-21,1610612745,Houston Rockets,72,17,55,0.236,7833,0.444,0.339,0.74,3067,1699,1060.0,HOU,121552551,25.866666666666667,15,121.552551
2021-22,1610612756,Phoenix Suns,82,64,18,0.78,9416,0.485,0.364,0.797,3714,2244,1060.0,PHX,137541451,27.57894736842105,19,137.541451
2021-22,1610612763,Memphis Grizzlies,82,56,26,0.683,9480,0.461,0.353,0.734,4032,2131,1082.0,MEM,103896997,24.05263157894737,19,103.896997
2021-22,1610612744,Golden State Warriors,82,53,29,0.646,9102,0.469,0.364,0.769,3730,2223,1221.0,GSW,192599213,27.6,15,192.599213
2021-22,1610612748,Miami Heat,82,53,29,0.646,9022,0.467,0.379,0.808,3585,2090,1194.0,MIA,153847928,27.31578947368421,19,153.847928
2021-22,1610612742,Dallas Mavericks,82,52,30,0.634,8858,0.461,0.35,0.771,3528,1918,1025.0,DAL,113117169,26.65,20,113.117169
2021-22,1610612738,Boston Celtics,82,51,31,0.622,9164,0.466,0.356,0.816,3778,2036,1118.0,BOS,158889065,26.3,20,158.889065
2021-22,1610612749,Milwaukee Bucks,82,51,31,0.622,9470,0.468,0.366,0.776,3830,1960,1100.0,MIL,183535427,28.0,18,183.535427
2021-22,1610612755,Philadelphia 76ers,82,51,31,0.622,9015,0.466,0.364,0.821,3470,1945,1027.0,PHI,186848879,26.166666666666668,18,186.848879
2021-22,1610612762,Utah Jazz,82,49,33,0.598,9316,0.471,0.36,0.767,3800,1836,1148.0,UTA,179567255,27.94736842105263,19,179.567255
2021-22,1610612743,Denver Nuggets,82,48,34,0.585,9243,0.483,0.353,0.795,3617,2279,1189.0,DEN,124929721,26.526315789473685,19,124.929721
2021-22,1610612761,Toronto Raptors,82,48,34,0.585,8970,0.445,0.349,0.759,3717,1809,1021.0,TOR,135739189,24.529411764705884,17,135.739189
2021-22,1610612741,Chicago Bulls,82,46,36,0.561,9152,0.48,0.369,0.813,3471,1958,1053.0,CHI,127780586,25.764705882352942,17,127.780586
2021-22,1610612750,Minnesota Timberwolves,82,46,36,0.561,9507,0.457,0.358,0.778,3621,2106,1175.0,MIN,157933320,24.2,15,157.93332
2021-22,1610612751,Brooklyn Nets,82,44,38,0.537,9258,0.475,0.361,0.805,3640,2071,1153.0,BKN,198782087,28.714285714285715,14,198.782087
2021-22,1610612739,Cleveland Cavaliers,82,44,38,0.537,8839,0.469,0.355,0.76,3623,2064,1181.0,CLE,183674692,26.09090909090909,22,183.674692
2021-22,1610612737,Atlanta Hawks,82,43,39,0.524,9343,0.47,0.374,0.812,3606,2017,972.0,ATL,150346778,25.375,16,150.346778
2021-22,1610612766,Charlotte Hornets,82,43,39,0.524,9457,0.468,0.365,0.74,3655,2302,1087.0,CHA,110485663,24.8,15,110.485663
2021-22,1610612746,LA Clippers,82,42,40,0.512,8890,0.458,0.374,0.793,3607,1969,1126.0,LAC,177669604,27.6875,16,177.669604
2021-22,1610612752,New York Knicks,82,37,45,0.451,8731,0.437,0.357,0.744,3782,1793,1087.0,NYK,157181415,25.65,20,157.181415
2021-22,1610612740,New Orleans Pelicans,82,36,46,0.439,8962,0.457,0.332,0.789,3707,2047,1153.0,NOP,109678770,26.615384615384617,13,109.67877
2021-22,1610612764,Washington Wizards,82,35,47,0.427,8907,0.472,0.342,0.783,3535,2052,1077.0,WAS,146800955,25.526315789473685,19,146.800955
2021-22,1610612759,San Antonio Spurs,82,34,48,0.415,9279,0.467,0.352,0.754,3716,2289,1043.0,SAS,84044645,24.875,16,84.044645
2021-22,1610612747,Los Angeles Lakers,82,33,49,0.402,9192,0.469,0.347,0.732,3608,1968,1191.0,LAL,179393300,28.5,20,179.3933
2021-22,1610612758,Sacramento Kings,82,30,52,0.366,9045,0.46,0.344,0.768,3521,1943,1156.0,SAC,143961021,25.263157894736842,19,143.961021
2021-22,1610612757,Portland Trail Blazers,82,27,55,0.329,8711,0.442,0.346,0.76,3515,1880,1187.0,POR,109544973,24.31578947368421,19,109.544973
2021-22,1610612754,Indiana Pacers,82,25,57,0.305,9140,0.463,0.344,0.768,3596,2081,1183.0,IND,99769736,24.41176470588235,17,99.769736
2021-22,1610612760,Oklahoma City Thunder,82,24,58,0.293,8506,0.43,0.323,0.756,3741,1822,1145.0,OKC,59641918,23.807692307692307,26,59.641918
2021-22,1610612765,Detroit Pistons,82,23,59,0.28,8596,0.431,0.326,0.782,3525,1924,1163.0,DET,92249812,24.125,24,92.249812
2021-22,1610612753,Orlando Magic,82,22,60,0.268,8547,0.434,0.331,0.787,3631,1947,1188.0,ORL,97845185,24.294117647058822,17,97.845185
2021-22,1610612745,Houston Rockets,82,20,62,0.244,8997,0.456,0.349,0.713,3446,1932,1351.0,HOU,69243920,23.5,12,69.24392
2022-23,1610612749,Milwaukee Bucks,82,58,24,0.707,9589,0.473,0.368,0.743,3988,2115,1199.0,MIL,199203110,29.875,16,199.20311
2022-23,1610612738,Boston Celtics,82,57,25,0.695,9671,0.475,0.377,0.812,3717,2186,1095.0,BOS,186487153,26.77777777777778,18,186.487153
2022-23,1610612755,Philadelphia 76ers,82,54,28,0.659,9448,0.487,0.387,0.835,3356,2063,1121.0,PHI,151348729,26.266666666666666,15,151.348729
2022-23,1610612743,Denver Nuggets,82,53,29,0.646,9495,0.504,0.379,0.751,3527,2368,1192.0,DEN,116221992,26.833333333333332,12,116.221992
2022-23,1610612739,Cleveland Cavaliers,82,51,31,0.622,9205,0.488,0.367,0.78,3369,2045,1094.0,CLE,142485671,26.705882352941178,17,142.485671
2022-23,1610612763,Memphis Grizzlies,82,51,31,0.622,9587,0.475,0.351,0.733,3823,2135,1116.0,MEM,95849703,24.153846153846153,13,95.849703
2022-23,1610612758,Sacramento Kings,82,48,34,0.585,9898,0.494,0.369,0.79,3481,2237,1106.0,SAC,147246019,25.75,20,147.246019
2022-23,1610612752,New York Knicks,82,47,35,0.573,9514,0.47,0.354,0.761,3821,1880,1065.0,NYK,156329386,24.928571428571427,14,156.329386
2022-23,1610612751,Brooklyn Nets,82,45,37,0.549,9295,0.487,0.378,0.8,3322,2093,1127.0,BKN,158247637,26.294117647058822,17,158.247637
2022-23,1610612756,Phoenix Suns,82,45,37,0.549,9319,0.467,0.374,0.793,3628,2235,1110.0,PHX,195613625,28.071428571428573,14,195.613625
2022-23,1610612744,Golden State Warriors,82,44,38,0.537,9753,0.479,0.385,0.794,3657,2446,1336.0,GSW,212006267,27.0625,16,212.006267
2022-23,1610612746,LA Clippers,82,44,38,0.537,9314,0.477,0.381,0.781,3545,1959,1167.0,LAC,310165669,29.5,16,310.165669
2022-23,1610612748,Miami Heat,82,44,38,0.537,8977,0.46,0.344,0.831,3329,1955,1106.0,MIA,187066443,28.4375,16,187.066443
2022-23,1610612747,Los Angeles Lakers,82,43,39,0.524,9608,0.482,0.346,0.775,3748,2072,1154.0,LAL,169987833,25.76923076923077,13,169.987833
2022-23,1610612750,Minnesota Timberwolves,82,42,40,0.512,9494,0.49,0.365,0.755,3435,2145,1258.0,MIN,152538571,25.941176470588236,17,152.538571
2022-23,1610612740,New Orleans Pelicans,82,42,40,0.512,9378,0.48,0.364,0.793,3583,2122,1196.0,NOP,118794570,25.5,10,118.79457
2022-23,1610612737,Atlanta Hawks,82,41,41,0.5,9711,0.483,0.352,0.818,3639,2049,1060.0,ATL,139607384,23.647058823529413,17,139.607384
2022-23,1610612761,Toronto Raptors,82,41,41,0.5,9254,0.459,0.335,0.784,3528,1961,956.0,TOR,153724074,26.333333333333332,15,153.724074
2022-23,1610612741,Chicago Bulls,82,40,42,0.488,9276,0.49,0.361,0.809,3473,2006,1097.0,CHI,125763781,25.933333333333334,15,125.763781
2022-23,1610612760,Oklahoma City Thunder,82,40,42,0.488,9633,0.465,0.356,0.809,3580,2002,1070.0,OKC,86250647,22.4,15,86.250647
2022-23,1610612742,Dallas Mavericks,82,38,44,0.463,9366,0.475,0.371,0.755,3181,1880,1002.0,DAL,152640713,28.6875,16,152.640713
2022-23,1610612762,Utah Jazz,82,37,45,0.451,9600,0.473,0.353,0.786,3762,2129,1259.0,UTA,101932883,25.666666666666668,18,101.932883
2022-23,1610612754,Indiana Pacers,82,35,47,0.427,9535,0.469,0.367,0.79,3407,2213,1224.0,IND,113310480,25.529411764705884,17,113.31048
2022-23,1610612764,Washington Wizards,82,35,47,0.427,9279,0.485,0.356,0.785,3578,2083,1158.0,WAS,108283393,25.57894736842105,19,108.283393
2022-23,1610612753,Orlando Magic,82,34,48,0.415,9136,0.47,0.346,0.784,3546,1906,1236.0,ORL,96198164,23.6875,16,96.198164
2022-23,1610612757,Portland Trail Blazers,82,33,49,0.402,9299,0.474,0.365,0.796,3325,1981,1185.0,POR,130726919,24.0,19,130.726919
2022-23,1610612766,Charlotte Hornets,82,27,55,0.329,9098,0.457,0.33,0.749,3652,2062,1164.0,CHA,88132677,24.0,12,88.132677
2022-23,1610612745,Houston Rockets,82,22,60,0.268,9081,0.457,0.327,0.754,3795,1835,1332.0,HOU,31548152,22.666666666666668,9,31.548152
2022-23,1610612759,San Antonio Spurs,82,22,60,0.268,9269,0.465,0.345,0.743,3584,2232,1253.0,SAS,68634826,23.473684210526315,19,68.634826
2022-23,1610612765,Detroit Pistons,82,17,65,0.207,9045,0.454,0.351,0.771,3480,1884,1237.0,DET,71170040,23.9375,16,71.17004
2023-24,1610612738,Boston Celtics,82,64,18,0.78,9887,0.487,0.388,0.807,3799,2207,979.0,BOS,151001071,26.071428571428573,14,151.001071
2023-24,1610612743,Denver Nuggets,82,57,25,0.695,9418,0.496,0.374,0.762,3643,2415,1036.0,DEN,100597315,26.333333333333332,15,100.597315
2023-24,1610612760,Oklahoma City Thunder,82,57,25,0.695,9847,0.499,0.389,0.825,3447,2223,1039.0,OKC,142314490,24.72222222222222,18,142.31449
2023-24,1610612750,Minnesota Timberwolves,82,56,26,0.683,9264,0.485,0.387,0.777,3577,2184,1162.0,MIN,167640688,25.933333333333334,15,167.640688
2023-24,1610612746,LA Clippers,82,51,31,0.622,9481,0.489,0.381,0.825,3523,2097,1078.0,LAC,199610412,29.071428571428573,14,199.610412
2023-24,1610612742,Dallas Mavericks,82,50,32,0.61,9664,0.481,0.369,0.758,3521,2106,1027.0,DAL,84224223,26.25,12,84.224223
2023-24,1610612752,New York Knicks,82,50,32,0.61,9249,0.465,0.369,0.78,3704,1998,1085.0,NYK,154710344,26.4375,16,154.710344
2023-24,1610612749,Milwaukee Bucks,82,49,33,0.598,9756,0.487,0.373,0.774,3622,2176,1059.0,MIL,200895917,29.5625,16,200.895917
2023-24,1610612740,New Orleans Pelicans,82,49,33,0.598,9436,0.486,0.383,0.771,3605,2210,1067.0,NOP,129776021,25.071428571428573,14,129.776021
2023-24,1610612756,Phoenix Suns,82,49,33,0.598,9532,0.493,0.382,0.808,3614,2218,1221.0,PHX,184248801,28.133333333333333,15,184.248801
2023-24,1610612739,Cleveland Cavaliers,82,48,34,0.585,9236,0.479,0.367,0.765,3549,2299,1112.0,CLE,183853996,26.352941176470587,17,183.853996
2023-24,1610612754,Indiana Pacers,82,47,35,0.573,10110,0.507,0.374,0.782,3405,2522,1059.0,IND,126338563,24.705882352941178,17,126.338563
2023-24,1610612747,Los Angeles Lakers,82,47,35,0.573,9679,0.499,0.377,0.782,3535,2340,1146.0,LAL,196866948,25.842105263157894,19,196.866948
2023-24,1610612753,Orlando Magic,82,47,35,0.573,9058,0.476,0.352,0.759,3469,2023,1206.0,ORL,123147189,24.58823529411765,17,123.147189
2023-24,1610612755,Philadelphia 76ers,82,47,35,0.573,9397,0.464,0.363,0.826,3522,2041,984.0,PHI,205347786,28.375,16,205.347786
2023-24,1610612744,Golden State Warriors,82,46,36,0.561,9657,0.477,0.38,0.78,3830,2402,1174.0,GSW,218741860,27.058823529411764,17,218.74186
2023-24,1610612748,Miami Heat,82,46,36,0.561,9032,0.465,0.37,0.818,3468,2116,1038.0,MIA,182500649,27.5,16,182.500649
2023-24,1610612758,Sacramento Kings,82,46,36,0.561,9558,0.477,0.366,0.745,3607,2324,1078.0,SAC,156110927,26.42105263157895,19,156.110927
2023-24,1610612745,Houston Rockets,82,41,41,0.5,9375,0.459,0.352,0.773,3727,2035,1045.0,HOU,133733972,26.384615384615383,13,133.733972
2023-24,1610612741,Chicago Bulls,82,39,43,0.476,9206,0.47,0.358,0.791,3593,2048,1004.0,CHI,130231084,25.764705882352942,17,130.231084
2023-24,1610612737,Atlanta Hawks,82,36,46,0.439,9703,0.465,0.364,0.797,3663,2180,1110.0,ATL,138433279,24.941176470588236,17,138.433279
2023-24,1610612751,Brooklyn Nets,82,32,50,0.39,9050,0.456,0.362,0.756,3613,2102,1076.0,BKN,122754431,24.142857142857142,14,122.754431
2023-24,1610612762,Utah Jazz,82,31,51,0.378,9484,0.467,0.354,0.83,3727,2232,1285.0,UTA,120288903,24.066666666666666,15,120.288903
2023-24,1610612763,Memphis Grizzlies,82,27,55,0.329,8677,0.435,0.346,0.764,3494,2025,1236.0,MEM,109430560,26.15,20,109.43056
2023-24,1610612761,Toronto Raptors,82,25,57,0.305,9213,0.471,0.347,0.756,3498,2335,1147.0,TOR,126987007,25.68421052631579,19,126.987007
2023-24,1610612759,San Antonio Spurs,82,22,60,0.268,9192,0.462,0.347,0.782,3627,2449,1242.0,SAS,85799581,22.5625,16,85.799581
2023-24,1610612766,Charlotte Hornets,82,21,61,0.256,8740,0.46,0.355,0.786,3303,2033,1129.0,CHA,81361135,23.705882352941178,17,81.361135
2023-24,1610612757,Portland Trail Blazers,82,21,61,0.256,8722,0.439,0.345,0.791,3505,1894,1249.0,POR,163847187,23.94736842105263,19,163.847187
2023-24,1610612764,Washington Wizards,82,15,67,0.183,9327,0.47,0.348,0.764,3368,2290,1147.0,WAS,123530476,24.5625,16,123.530476
2023-24,1610612765,Detroit Pistons,82,14,68,0.171,9010,0.463,0.348,0.785,3553,2088,1248.0,DET,124620724,24.565217391304348,23,124.620724
2024-25,1610612760,Oklahoma City Thunder,82,68,14,0.829,9881,0.482,0.374,0.819,3672,2202,961.0,OKC,156928871,24.5,16,156.928871
2024-25,1610612739,Cleveland Cavaliers,82,64,18,0.78,9999,0.491,0.383,0.776,3723,2304,1082.0,CLE,171406031,26.5,16,171.406031
2024-25,1610612738,Boston Celtics,82,61,21,0.744,9534,0.462,0.368,0.799,3716,2144,973.0,BOS,196193787,27.933333333333334,15,196.193787
2024-25,1610612745,Houston Rockets,82,52,30,0.634,9372,0.455,0.353,0.738,3974,1914,1139.0,HOU,163520160,25.75,16,163.52016
2024-25,1610612752,New York Knicks,82,51,31,0.622,9494,0.486,0.369,0.8,3497,2254,1088.0,NYK,203135371,27.0,17,203.135371
2024-25,1610612743,Denver Nuggets,82,50,32,0.61,9902,0.506,0.376,0.77,3751,2542,1169.0,DEN,181836200,27.142857142857142,14,181.8362
2024-25,1610612754,Indiana Pacers,82,50,32,0.61,9624,0.488,0.368,0.789,3430,2398,1082.0,IND,169267588,26.0,17,169.267588
2024-25,1610612746,LA Clippers,82,50,32,0.61,9256,0.482,0.373,0.797,3591,2064,1220.0,LAC,208691657,28.75,16,208.691657
2024-25,1610612747,Los Angeles Lakers,82,50,32,0.61,9298,0.479,0.366,0.785,3479,2131,1145.0,LAL,176297350,27.533333333333335,15,176.29735
2024-25,1610612750,Minnesota Timberwolves,82,49,33,0.598,9372,0.468,0.377,0.789,3634,2142,1186.0,MIN,204608272,26.22222222222222,18,204.608272
2024-25,1610612744,Golden State Warriors,82,48,34,0.585,9331,0.451,0.364,0.764,3721,2386,1152.0,GSW,189602887,27.11764705882353,17,189.602887
2024-25,1610612763,Memphis Grizzlies,82,48,34,0.585,9980,0.479,0.367,0.786,3875,2330,1285.0,MEM,156090240,24.866666666666667,15,156.09024
2024-25,1610612749,Milwaukee Bucks,82,48,34,0.585,9472,0.486,0.387,0.75,3556,2090,1097.0,MIL,184821334,27.133333333333333,15,184.821334
2024-25,1610612765,Detroit Pistons,82,44,38,0.537,9471,0.476,0.362,0.774,3670,2165,1219.0,DET,136475241,25.266666666666666,15,136.475241
2024-25,1610612753,Orlando Magic,82,41,41,0.5,8645,0.445,0.318,0.775,3431,1887,1165.0,ORL,150359238,25.133333333333333,15,150.359238
2024-25,1610612737,Atlanta Hawks,82,40,42,0.488,9691,0.472,0.358,0.775,3649,2426,1273.0,ATL,161255749,25.333333333333332,15,161.255749
2024-25,1610612758,Sacramento Kings,82,40,42,0.488,9490,0.478,0.357,0.806,3624,2169,1092.0,SAC,167641247,27.647058823529413,17,167.641247
2024-25,1610612741,Chicago Bulls,82,39,43,0.476,9660,0.47,0.367,0.809,3760,2383,1203.0,CHI,163780910,24.941176470588236,17,163.78091
2024-25,1610612742,Dallas Mavericks,82,39,43,0.476,9364,0.479,0.364,0.77,3530,2070,1151.0,DAL,184504295,27.41176470588235,17,184.504295
2024-25,1610612748,Miami Heat,82,37,45,0.451,9069,0.465,0.367,0.791,3558,2166,1114.0,MIA,176139325,27.25,16,176.139325
2024-25,1610612756,Phoenix Suns,82,36,46,0.439,9317,0.478,0.378,0.81,3484,2277,1153.0,PHX,210557299,28.933333333333334,15,210.557299
2024-25,1610612757,Portland Trail Blazers,82,36,46,0.439,9093,0.45,0.342,0.762,3671,1952,1309.0,POR,167410438,23.9375,16,167.410438
2024-25,1610612759,San Antonio Spurs,82,34,48,0.415,9342,0.465,0.357,0.774,3581,2348,1138.0,SAS,154852894,25.533333333333335,15,154.852894
2024-25,1610612761,Toronto Raptors,82,30,52,0.366,9091,0.458,0.348,0.748,3700,2340,1257.0,TOR,121341369,25.176470588235293,17,121.341369
2024-25,1610612751,Brooklyn Nets,82,26,56,0.317,8619,0.437,0.344,0.787,3387,2063,1244.0,BKN,98812623,23.6,15,98.812623
2024-25,1610612755,Philadelphia 76ers,82,24,58,0.293,8988,0.454,0.341,0.78,3263,1901,1117.0,PHI,178208373,26.59090909090909,22,178.208373
2024-25,1610612740,New Orleans Pelicans,82,21,61,0.256,9006,0.452,0.347,0.754,3576,2119,1201.0,NOP,209413673,26.05263157894737,19,209.413673
2024-25,1610612766,Charlotte Hornets,82,19,63,0.232,8618,0.43,0.339,0.783,3706,1994,1271.0,CHA,156063102,25.8,20,156.063102
2024-25,1610612764,Washington Wizards,82,18,64,0.22,8856,0.439,0.335,0.778,3583,2058,1276.0,WAS,166294208,25.0625,16,166.294208
2024-25,1610612762,Utah Jazz,82,17,65,0.207,9175,0.454,0.35,0.774,3724,2093,1412.0,UTA,146986348,23.666666666666668,15,146.986348
